{"datetime": "2022-02-06T08:09:05.000Z", "subject": "Platinum Jubilee of Elizabeth II", "title": "Jersey sends platinum jubilee congratulations to Queen", "article": "The Bailiff of Jersey has sent a message of congratulations to the Queen for her platinum jubilee. Timothy Le Cocq said the message to mark 70 years of her ascending to the throne was on behalf of all islanders. The Queen will arrive at that milestone on Sunday, becoming the first British monarch to do so. Churches and bell ringers in Jersey are due to celebrate the occasion of the Queen's accession by ringing bells at 12:00 GMT on Sunday for 15 minutes. Mr Le Cocq said he was \"honoured to have been able to mark this momentous occasion by extending the island's well-wishes to Her Majesty, on the day which is such a significant milestone in her reign and our history\". Follow BBC Jersey on Twitter and Facebook . Send your story ideas to channel.islands@bbc.co.uk . ", "url": "https://www.bbc.com/news/world-europe-jersey-60272735"}