{"datetime": "2021-12-08T11:55:12.000Z", "author": "Jane Wakefield", "title": "Euros top Google's year in search in UK", "article": "The three top trending terms on Google UK this year were football related, with only one reference to Covid in the top 10. \"Euros\", \"Premier League\" and \"Christian Eriksen\" - the Danish player who had a cardiac arrest on the pitch - were the top three, with \"Covid vaccine\" fourth. Covid had dominated last year's list. Google News Labs head Matt Cooke said the annual list revealed \"insights into the zeitgeist of the nation\". \"During a year of unpredictability, we have turned to sport, entertainment, gardening, recipes and UK-based travel to get us through some of the most frustrating and difficult times,\" he added. Top 10 terms in UK for 2021 The global list was also dominated by sport: There were rises in queries about second-hand goods and sustainability, as well as searches for new trends such as nail art and ice-coffee recipes.And once again, the UK proved to be a nation of gardeners and do-it-yourselfers, with \"Garden ideas\" and \"How to unblock a toilet\" appearing on lists. Covid was never far from people's minds though, with six of the top 10 searches beginning with \"When\" relating to lockdowns. Top-10 searches starting with \"When\" The pandemic also dominated the travel list, with people searching for \"Travel update UK\", \"PCR test for travel\", \"Travel green list\" and \"Caravan holidays\". Former Health Secretary Matt Hancock topped the list of politicians, followed by Joe Biden, Bernie Sanders and Greta Thunberg. Jackie Weaver,made famous by her appearance on a local parish-council Zoom meeting , came in at number eight. Netflix hits Squid Game and Bridgerton topped the list for TV, with Dune, Black Widow and Eternals the most searched-for films. Queries aboutthe outage that hit Facebook and WhatsApp in October topped the most searched-for questions list, with ones about lockdown, the Euros, Cop26 and, perhaps most strangely, \"Where does vanilla flavouring come from?\" also in the top 10. And the perennial question of whether a Jaffa Cake is a cake or a biscuit made the \"Or searches\" list, alongside spelling queries such as \"Bare with me or bear with me?\" and \"Fiance or fiancee?\" ", "url": "https://www.bbc.com/news/technology-59577159"}